,TARGET,Predictions
0,822.8645,756.201197
1,10.937327,14.1701462
2,0.681981,0.439703
3,4747.875,6411.59011
4,7.455597,7.8131388
5,2.634652,2.883619
6,17.039635,14.4855275
7,3.282,5.9920864
8,7.303522,4.1346215
9,6.438714,4.1745818
10,27.368,28.1368894
11,12.060731,11.1642832
12,12.78969,21.3308226
13,42.206272,28.1930503
14,6.583496,7.3152276
15,19.369371,21.4452048
16,10.358118,3.3212073
17,7.073583,7.9866075
18,5.359803,4.3271564
19,8.185419,9.0241795
20,48.645344,74.8877937
21,162.87926,132.129355
22,80.6305,80.894157
23,69.55407,63.5594267
24,2.089716,4.5750072
25,3.224396,4.8533774
26,0.681886,1.0158297
27,26.426647,31.2465683
28,5.153055,5.67657
29,5.998925,5.9492091
30,14.651016,13.054374
31,6.102951,4.9534021
32,11.421731,13.291282
33,28.837969,31.6902008
34,5.986288,5.8701822
35,25.56,15.0847978
36,62.47771,62.9190012
37,26.117847,19.8428304
38,0.003516,0.1671659
39,0.92751,1.4425729
40,0.175827,0.9069849
41,77.29222,76.7537055
42,2.689993,3.0871256
43,1.856419,1.8033643
44,2.436,2.2825125
45,15.703905,22.161457
46,1.161475,1.0894748
47,3.758205,4.2771559
48,23.053276,26.3324932
49,4.130391,4.176456
50,71.83135,68.1308475
51,11.262,12.8606999
52,4.222947,6.5443581
53,928.84735,822.305376
54,7.24259,5.7006523
55,48.682915,36.3243792
56,47.726757,65.2274206
57,10.787899,18.8067636
58,29.211624,23.8824319
59,6978,7627.58082
60,5.622675,5.9486959
61,30.938616,31.0106488
62,84.65855,89.4240266
63,0.846067,0.936422
64,17.280016,15.3730904
65,4.150551,3.3970695
66,70.18177,68.2993594
67,63.590206,54.2444052
68,0.805528,1.5950812
69,0.039532,0.0452409
70,32.904457,31.9286433
71,0.710965,1.3015608
72,0.386986,0.5640757
73,2134.5588,2089.74459
74,2.168502,2.1597701
75,183.36307,190.131897
76,0.672562,0.9066187
77,32.643845,23.7269262
78,77.552124,62.8687221
79,1.915694,1.6047775
80,13.662007,15.8534844
81,28.312,30.1790672
82,1.06257,1.4506264
83,7.172849,8.0314968
84,2.620203,8.2149101
85,4.642862,6.424713
86,6.599,3.2461008
87,28.291035,27.8730318
88,15.0128,63.9819007
89,25.119,25.8197028
90,19.740402,17.7110252
91,9.700969,8.0234192
92,3.258227,4.724265
93,0.1655,0.1336362
94,30.202185,35.0073716
95,10.630696,14.7454088
96,0.809863,1.1193968
97,0.806689,1.2773354
98,2.724392,4.8202827
99,14.968468,17.6211018
100,0.438565,0.6238965
101,3.28367,4.6162479
102,0.830112,2.3828014
103,54.14788,65.9794715
104,2.767239,2.5224232
105,0.087712,0.077073675
106,5.830992,5.712935
107,0.414321,0.7452348
108,0.087473,1.2571902
109,2.074248,1.7455809
110,0.257515,0.2115653
111,6.159699,7.286856
112,46.9585,70.3591354
113,5.177763,4.8507839
114,14.399002,15.0812439
115,4.364144,5.6555458
116,12.854007,13.2158617
117,1.514825,1.4853296
118,29.011806,45.6710067
119,30.077684,20.7252261
120,2.8135,1.6339161
121,91.446724,77.533483
122,-1.3875,2.7363051
123,12.00322,11.2291661
124,1.455054,0.26955535
125,2.490888,2.423604
126,639.9971,656.704648
127,0.886493,0.8692346
128,0.508643,0.1053369
129,7.211514,6.1596554
130,27.90686,34.7602832
131,165.82121,89.665775
132,238.42484,206.090159
133,26.215443,26.0802132
134,33.12429,26.6184528
135,39.655212,69.9389661
136,11.133139,11.6815316
137,0.034429,0.23652
138,431.8172,370.312584
139,68.22817,70.3619280333333
140,5.321583,14.0149777
141,118.24011,145.6312
142,28.241884,24.9064967
143,586.5062,508.275496
144,193.8036,163.522751
145,9.526952,6.0938326
146,30.471798,29.3663819
147,1.153754,1.3605554
148,2.451,1.8756579
149,7.142489,7.7289635
150,0.424568,0.827963
151,3.4935,3.7948656
152,14.123,11.6383283
153,30.606827,31.6680144
154,19.069334,14.6461057
155,5.4975,2.6544991
156,0.676226,0.6658988
157,4.514341,3.8439274
158,58.238644,38.1349085
159,30.110538,19.564699
160,4.539,6.0183071
161,25.596594,27.2698071
162,23.915651,3.3086882
163,90.85,92.0670726
164,38.39955,33.9336694
165,4.993,5.9748994
166,1557.402,1956.08654
167,5.839786,6.107033
168,-0.04725,0.1427424
169,25.334,232.17612
170,65.37887,68.3849655
171,3.344082,4.7245635
172,141.61441,175.969747
173,2.199855,3.2441034
174,105.389534,109.2302545
175,7.630967,6.9314966
176,21.380173,14.0901796
177,12.596462,12.564329
178,24.67917,17.8057718
179,16.132004,11.2714658
180,225.72595,219.802725
181,4.295867,6.1267115
182,0.625385,1.0465633
183,5.878653,6.0081978
184,15.216031,14.575384
185,1.011818,0.5953264
186,1.096105,4.2242859
187,53.646,60.5898129
188,4.175228,4.2022512
189,4.765797,6.1853783
190,1.04977,1.11840835
191,30.547152,43.7025646
192,24.308,25.7000569
193,203.7325,208.754438
194,19.795,18.8516806
195,34.342525,33.411038
196,23.504646,18.377894
197,13.143359,2.1810693
198,0.522699,0.3563143
199,5.830147,6.6530178
200,0.653194,0.8583481
201,8.187225,9.4864774
202,7.046026,5.2513577
203,2301.0457,2604.10483
204,4.127287,5.4614255
205,2.2825,2.7026034
206,4.713464,3.1758777
207,7.014,13.3205878
208,8.484413,1.6974676
209,24.305866,21.9395707
210,2.733421,0.6016045
211,1.189205,2.9162887
212,2.157215,3.779374
213,0.159415,0.2692736
214,0.510286,0.6688031
215,641.2761,580.493806
216,13.611,13.9397716
217,1.656809,1.5830946
218,15.907551,7.3571898
219,0.025513,0.1587224
220,1.570593,1.5434586
221,0.001586,0.08196615
222,4.872163,2.399203
223,1.142534,1.5106868
224,934.85736,876.559145
225,3.435264,5.1150738
226,5.786163,5.2949964
227,4587.125,5278.70062
228,16.576078,14.9736528
229,6.640759,6.8681507
230,6.525401,8.7495877
231,312.92233,357.716541
232,0.595764,4.7408666
233,5.89175,8.6017855
234,0.568804,0.5404795
235,3.564809,6.0202698
236,2.446366,4.887586
237,6.185828,4.0888992
238,10.135834,10.0103687
239,0.173338,0.3376852
240,4.054045,7.8296265
241,93.86124,97.49977
242,180.56764,180.796506
243,171.96347,142.875961
244,6.214076,5.5739319
245,38.80659,43.407317
246,120.902,126.960803
247,1.311178,2.070732
248,94.54763,72.4144776
249,0.402526,0.9393615
250,44.485985,35.3034396
251,3.839121,0.7865284
252,18.4346,24.2566294
253,8.922192,11.8677544
254,103.569,72.9165373
255,6.712009,7.1550182
256,6.084798,6.391422
257,19.49763,20.7969761
258,13.436549,13.2549098
259,2.382158,51.333518
260,17.915373,11.8854503
261,8.560683,9.53855685
262,36.54307,57.3568214
263,70.3888,76.8443636
264,29.056343,33.0426697
265,3.61176,4.9019926
266,47.757,41.9186965
267,4.950091,4.7541311
268,295.17694,271.797325
269,4.0235,3.3413453
270,5.314085,6.0874554
271,743.525,720.306778
272,1.8345,1.6890478
273,5.677,5.2916964
274,10.450255,14.4505346
275,6.195622,5.6215256
276,1.728972,1.3926432
277,8.665549,10.9830252
278,624.44293,517.122237
279,5.171523,4.513996
280,10.541,8.7328701
281,0.939261,1.0823241
282,4.901542,5.6377253
283,18.157791,3.5703984
284,8197,8274.23426
285,19.096987,16.9713159
286,25.963032,25.7484575
287,8.724319,9.4065961
288,6.903356,7.4222429
289,1.377046,1.6525039
290,7.744854,12.9033401
291,1.431165,1.5996398
292,0.62069,0.6306851
293,42.206062,52.6112497
294,8.062392,9.5665999
295,3.419178,3.7794232
296,11.518725,14.7672149
297,53.83981,57.7738642
298,7.73066,9.160294
299,0.03357,1.2364164
300,23.485035,25.4708315
301,8.308622,6.9639302
302,12.926553,13.4127254
303,96.53694,92.5496854
304,0.9165,1.2116725
305,109.43987,111.9977301
306,77.50835,81.0230154
307,8.511692,6.0778935
308,71.4765,81.0498994
309,2.434732,2.4936662
310,19.671448,18.3868251
311,3.942588,3.432567
312,1.509507,2.3462829
313,27.09,26.9732474
314,0.681921,1.3173954
315,2.676739,2.4700372
316,2.829671,2.1903166
317,6.83512,7.7717857
318,13.1775,6.1655075
319,2.489045,2.5126863
320,6.402182,6.0533045
321,21.188322,19.6110564
322,20.782272,21.4796757
323,361.1045,424.628856
324,20.546715,25.4196804
325,45.516426,38.5170777
326,1.96,2.0946766
327,40.466316,40.5239737
328,1336.3645,1346.109095
329,1809.5015,1102.99004
330,4.678186,3.0956201
331,24.340782,32.4447943
332,3.444134,3.5154095
333,3.194067,3.997957
334,0.039,0.2014861
335,3.50295,4.6531766
336,4.113195,3.7858094
337,5.650381,1.251036
338,4.659153,4.276512
339,0.046694,0.01985998
340,73.480736,76.0946844
341,0.195438,3.3583806
342,22.612963,23.6955077
343,1.755575,1.7013236
344,3934.4321,4198.39092
345,14.172955,20.6565081
346,31.695,28.354203
347,108.40896,123.808207
348,8.749173,7.111897
349,44.70946,46.3881903
350,2.405566,3.5011347
351,95.94389,94.0155256
352,57.81291,76.0765081
353,83.09574,141.885686
354,20.145258,17.6345857
355,86.708435,63.4367773
356,67.34225,65.1587116
357,6.473633,7.0477833
358,29.051,22.0402446
359,10.503219,43.0680175
360,0.393114,0.6138095
361,40.829407,31.9320351
362,1.150565,1.5003046
363,1.334976,1.3668807
364,11.487815,9.7243993
365,1.79668,1.353799
366,5.108874,4.2830548
367,70.66876,55.4668478
368,1.243198,1.2065804
369,3.143149,3.7888758
370,16.306004,20.942499
371,0.84142,0.5593924
372,18.511772,16.5182773
373,8.200847,14.5171732
374,0.612577,0.4245991
375,646.7271,652.745297
376,31.164852,39.1074433
377,105.75,109.234787
378,429.3467,176.4235536
379,4.081328,4.177136
380,9.473,2.6829482
381,5.234967,7.1214876
382,14.008248,15.2305369
383,668.82056,635.704896
384,7.332315,9.7072169
385,0.204821,0.9981728
386,0.129,0.216117
387,27.939013,26.7819274
388,1.530006,2.3224604
389,0.098121,0.2736754
390,4.751113,5.1128407
391,54.793713,59.1416527
392,0.614151,0.8742906
393,0.504006,0.4059541
394,13.064209,9.3170522
395,26.381,28.1057194
396,1405.2365,1630.98752
397,14.654193,15.9724451
398,8.495102,7.1262553
399,5.601852,8.6215929
400,5.024461,6.7098923
401,1861.9166,2147.78507
402,98.05649,112.094007
403,1.444,2.0976731
404,13.227486,16.7194742
405,16.626873,18.9383537
406,239.30815,179.70045
407,478.96634,418.509017
408,80.051,84.0127894
409,7.245681,18.619951
410,8.770043,9.2824491
411,0.694486,3.0348316
412,26.322866,26.9047583
413,13.265924,10.2159554
414,26.461956,28.5792567
415,0.09023,21.6501272
416,0.109884,0.98220875
417,14.933069,15.0433176
418,654.0451,540.962101
419,1080.6393,1351.451735
420,28.07837,28.0318108
421,61.897038,64.4102713
422,20.508,20.6360151
423,27.809582,26.9886768
424,9.63217,6.4156709
425,8.8973,8.662066
426,4.648069,4.0740516
427,3.273734,2.5775964
428,10.51341,11.9607384
429,58.774754,53.031708
430,93.06471,98.2003665
431,0.505,0.5296933
432,32.85535,39.2732836
433,15.250626,16.356954
434,44.2925,48.0632992
435,3.037013,5.9258587
436,14.526363,19.4799873
437,1.524603,1.8065446
438,57.16282,52.953614
439,0.042199,0.22040035
440,13.852,13.1661111
441,10.692879,14.2938779
442,2.464127,1.6447008
443,0.00737,0.323947475
444,0.5235,0.7417304
445,10.3555,9.7941829
446,3.992007,5.0595742
447,88.1135,89.166192
448,53.04113,57.4398557
449,3.940563,7.1103208
450,983.74194,1001.705777
451,55.245,49.7913216
452,54.124615,60.3171582
453,4.645363,0.222602
454,20.177109,21.9735006
455,301.9933,309.402046
456,3.872973,3.9312208
457,1.538208,1.2215637
458,16.37935,14.0709317
459,2.220004,2.4954492
460,1.505206,1.6845438
461,2.743,2.3380524
462,1.452366,1.6169275
463,39.853092,50.3074496
464,8.996965,2.9054809
465,5.569933,7.1378998
466,1.7525,1.6915912
467,554.55005,569.190397
468,546.27527,490.435999
469,4.521025,4.8078822
470,73.23655,63.8328416
471,10.4955,13.7449195
472,9.381983,12.6028045
473,0.311193,0.3466442
474,39.45311,48.8341495
475,21.715,23.3336911
476,3.993704,4.5760522
477,3.117355,2.3572807
478,8309.657,7746.45823
479,104.74666,167.371154
480,5.62292,9.5004337
481,0.291044,0.386167
482,3.109562,4.3746856
483,0.506818,0.6157734
484,0.977227,1.9999876
485,1.488335,1.01887
486,4.407,3.9361621
487,12.380141,9.9986304
488,33.69546,44.2282843
489,9.989875,7.0893331
490,2.713,3.5671713
491,9.160316,6.1738064
492,2.484298,1.3989081
493,0.704617,3.9717703
494,9.897169,11.2891691
495,0.009022,0.0424302
496,142.99101,136.669646
497,49.03632,31.5160359
498,0.584715,2.206543
499,398.7625,381.325809
500,27.614288,28.954777
501,3578.0056,3600.56534
502,0.266,0.4106413
503,6.841329,7.3739898
504,3.312663,3.2235595
505,680.75555,732.202802
506,8.762209,6.5837698
507,0.393994,0.7087218
508,13.937158,30.048234
509,6.373856,5.9536091
510,1.80992,1.7357718
511,239.39365,186.22293
512,55.914886,45.0815339
513,7.606577,10.0277078
514,6.247,5.8470508
515,2.099,2.5447265
516,18.062,17.6400134
517,3.449,4.0585587
518,72.8311,87.0230902
519,212.55983,230.787228
520,22.91,32.1522293
521,6.02598,6.0313258
522,115.7,117.9975105
523,24.256872,28.4600659
524,4.615,6.6884514
525,13.266758,17.2752023
526,9.444338,9.9102638
527,0.073352,0.01925358
528,26.215738,25.6306802
529,24.49207,21.6256675
530,6.059193,10.4619272
531,625.2502,701.25674
532,25.455847,26.973007
533,11.218,11.2882687
534,8.966805,8.8638312
535,2.429501,2.995367
536,6.892597,7.7517026
537,9.715699,9.4349864
538,10.552211,15.1165018
539,51.198643,35.7821697
540,1.52587,2.0587061
541,12.42936,11.086306
542,4.407079,1.80241
543,34.403736,29.0329408
544,27.696634,36.6982562
545,28.203,23.3480941
546,23.540709,17.9235155
547,18.298403,19.7658904
548,0.424042,0.4344255
549,5.85574,5.95199753333333
550,0.0015,0.4034189
551,39.387,37.620135
552,0.772009,0.8597004
553,304.46957,292.05922
554,412.64987,404.243854
555,0.153363,0.3675866
556,59.7645,66.6078114
557,19.874565,24.5989931
558,0.547198,0.4997146
559,0.13307,0.15895045
560,1.185659,1.4833936
561,2.488,2.6602174
562,28.198872,27.4906459
563,36.902798,33.2535123
564,9.842394,5.931142
565,7.429668,8.8945771
566,0.771064,0.7327583
567,1.174846,1.0247322
568,49.658,60.6306007
569,26.864714,28.1847496
570,0.744,1.1337135
571,1080.8469,690.370137
572,0.141006,0.2054491
573,2.618795,1.6175436
574,368.39047,368.379154
575,6.91204,5.7883114
576,3.434109,4.6082859
577,0.405271,2.5415477
578,9.499511,11.7840523
579,425.71252,622.266769
580,83.9,71.4379626
581,8.094432,7.6056858
582,0.0343,0.040936575
583,22.930468,16.8474234
584,11.7475,8.9476579
585,53.202675,46.5719444
586,4.512592,3.6293529
587,5.095145,4.5496296
588,12.84201,13.6992429
589,5.510041,10.8151039
590,7.562274,6.0334681
591,0.570952,0.4343044
592,81.39585,66.0235859
593,5.62213,6.3425678
594,41.695694,50.5972201
595,1.801652,4.5250939
596,24.00485,29.3438251
597,14.38294,14.1670453
598,19.98429,22.6345165
599,29.090109,31.5118427
600,33.45427,31.9187623
601,186.91457,201.187035
602,168.08612,130.3354314
603,281.20087,309.196439
604,5.120876,9.0564704
605,17.59775,24.0602021
606,2.710137,2.4859343
607,232.60332,233.71619
608,37.17238,53.7424355
609,5.921,7.271173
610,1124.1442,902.055053
611,2.557425,5.9932366
612,41.768353,28.8982942
613,356.03357,305.787695
614,40.777,46.8427675
615,18.61701,16.9898699
616,48.65981,39.7503759
617,0.217953,0.2712205
618,1.897921,3.5704137
619,93.2094,87.742255
620,2.795,3.8843614
621,5.836516,5.8479929
622,291.3455,399.639336
623,18.735765,25.6296327
624,126.53407,106.2713165
625,8.303136,11.2798204
626,16.34799,17.7266966
627,15.952719,13.8354701
628,0.420784,0.8411301
629,440.9776,475.813784
630,37.7534,52.5453479
631,709.28876,773.21364
632,67.8635,66.1091929
633,84.44244,84.031569
634,2223.066,1903.72322
635,0.921881,2.9767742
636,2.451691,2.1762685
637,345.251,390.184479
638,327.39163,254.111776
639,1.557052,2.5293099
640,16.433,16.4968613
641,675.53937,640.708063
642,7.630868,10.6762788
643,30.022,26.080378
644,71.97095,82.14871
645,41.690746,36.8025668
646,23.157915,13.7817036
647,11.342381,12.5991184
648,18.218332,19.0302916
649,3.83655,3.9661788
650,4.08,3.8127106
651,2.174961,2.6494936
652,0.214035,0.5563806
653,9.271135,21.5552171
654,1.096375,1.381514
655,1046.521,835.59895
656,0.995572,2.2847986
657,25.877863,24.1904886
658,5.188568,14.5954967
659,0.318092,0.4261978
660,33.484314,34.1830448
661,115.38568,90.2839693
662,5.646968,5.3219968
663,41.256,45.3491699
664,3.980266,4.0763295
665,17.616447,18.6248344
666,4.327855,4.5045247
667,7.525761,8.3925003
668,33.42363,24.8487315
669,2.080435,1.6988753
670,121.84477,129.9513566
671,1.992871,1.9873663
672,1.9769,2.7892738
673,1728.171,1625.67234
674,219.48514,227.828217
675,10.502,12.5358809
676,5.7033,5.5940159
677,1.3435,2.0242142
678,94.15,112.8578781
679,18.807829,15.4013905
680,0.818622,11.0578884
681,58.878937,56.3889596
682,2.915614,2.844482
683,10.086677,10.8002531
684,5.877201,5.4890445
685,30.713423,24.3641391
686,68.41695,67.858717
687,3.232746,3.9416537
688,5.241,3.9701129
689,1.268804,1.5124743
690,17.023378,14.4423882
691,16.965034,17.1978964
692,46.12258,45.709495
693,21.706762,19.3278035
694,1.9325,2.1018369
695,28.661715,26.4747475
696,0.008518,3.3124223
697,46.681915,48.8895754
698,13.606515,13.7948151
699,81.39049,87.6086271
700,23.419493,33.9561709
701,497.23383,517.959799
702,54.5245,48.6615643
703,2.265279,4.5048146
704,64.910515,65.431938
705,1.280293,2.2655712
706,3.535651,5.3204677
707,25.422,19.648733
708,53.962074,74.71286
709,1.9535,1.795483
710,5.532761,7.4594796
711,45.428,51.8286637
712,5.0695,3.9089988
713,0.241677,0.5342395
714,14.131347,19.1749403
715,85.101,93.0508182
716,7.965498,7.3655639
717,251.49278,246.729219
718,0.546908,0.4793759
719,2.488146,5.3967729
720,2.870159,4.5382729
721,5.432165,7.157045
722,55.749268,72.4696169
723,30.63095,36.2841677
724,5.041708,6.1704085
725,695.8287,846.513344
726,0.748732,0.1933965
727,0.796365,0.4187734
728,147.36284,163.574288
729,3.966714,4.9395489
730,9.603323,8.4378288
731,2.779961,1.0276384
732,23.69971,13.29621
733,17.7216,16.5207237
734,7.987592,3.12861546
735,35.55758,42.493732
736,2.86443,2.0451596
737,2.22509,2.5155671
738,1.587082,1.4870615
739,0.37707,0.6498983
740,48.49258,71.2447545
741,287.78815,347.248085
742,1.648896,1.6624335
743,12.736912,14.4457574
744,14.28842,12.9428045
745,18.264381,19.611875
746,5.462063,7.3538959
747,27.227688,25.5109033
748,12.943553,12.3991768
749,20.913288,18.8181989
750,1.474038,1.8432904
751,2.167224,1.7824952
752,0.0217,4.1869612
753,18.654,11.7708098
754,0.115034,0.4084073
755,24.078476,21.3015063
756,699.3777,578.831765
757,693.39484,554.752175
758,0.224371,0.6197657
759,8.326918,9.0801794
760,5.96242,6.619398
761,15.869315,24.8301073
762,2.38112,2.6211644
763,1.234868,0.652636
764,2.41917,3.5004905
765,7.373132,5.9367503
766,263.9376,304.129511
767,2.599747,3.1572507
768,29.856215,24.8417034
769,45.639797,47.5438246
770,1.383332,3.4944702
771,11.718656,7.5853507
772,0.523917,1.2513139
773,33.353813,36.262042
774,25.100334,16.6880757
775,0.221229,0.7833809
776,215.86082,206.226335
777,3.702464,5.0704624
778,41.42112,60.5384507
779,2.8545,3.4950288
780,0.160255,0.099665
781,0.835151,1.0768525
782,26.57,26.6499827
783,172.89908,192.930028
784,22.652,21.9843445
785,281.6501,268.528532
786,9.6786,9.2215528
787,0.407,0.35478465
788,3.17002,2.8735986
789,3.548157,3.1857098
790,234.41515,213.437393
791,2.023768,3.2288041
792,33.004303,29.8441203
793,1.868485,3.5037973
794,2.067579,1.602845
795,5.270489,2.4283872
796,11.571263,7.7226598
797,0.172924,0.1040288
798,17.746,17.512191
799,13.533,12.8090978
800,14.976012,19.1623412
801,635.2658,610.173181
802,35.94335,35.372662
803,34.745262,30.3471402
804,6.053928,6.9899998
805,2833.065,2377.71118
806,23.424574,21.4375664
807,9.840114,10.2267655
808,623.6474,707.750073
809,268.40863,242.2797374
810,3.776043,4.3725192
811,17.952354,15.9872442
812,1.4085,0.8770197
813,57.231,74.618926
814,0.318966,0.5911063
815,42.464523,41.9248806
816,94.95816,53.5953074
817,0.86859,0.7271923
818,13.199744,12.9936759
819,35.576645,29.3768208
820,28.335754,22.3019457
821,15.02305,14.247402
822,17.22,15.988706
823,1.077123,2.8898883
824,10.043724,11.3029299
825,54.626,57.9483753
826,4.033273,3.9811853
827,212.20773,189.072367
828,11.684925,14.01007
829,10.370953,14.2349659
830,7.755876,8.1313246
831,5.08392,6.3015266
832,0.293,0.3420878
833,0.021307,0.032177
834,592.8624,638.54418
835,0.683,1.4605838
836,11.409465,10.8628785
837,34.6432,60.9343647
838,9.175171,7.4029152
839,45.095,38.7201226
840,2.575919,4.7600964
841,0.098583,0.7337817
842,868.70215,561.248947
843,2.393712,2.3373647
844,28.199762,28.1118142
845,8.452819,10.8532938
846,13.051298,13.1576712
847,2.930794,0.9205597
848,14.974995,12.9791664
849,8.954375,6.7848453
850,226.7555,49.2231805
851,0.762459,1.1462793
852,1.357281,2.5080263
853,2.787589,2.3397476
854,0.486,6.6666916
855,1.108983,0.9101649
856,5.642096,8.1196021
857,711.48224,900.047467
858,13.158087,13.6580438
859,6.203936,5.9614421
860,73.65729,11.0502375
861,1.683,1.6965553
862,2.80865,2.5795901
863,5831.5894,6112.37863
864,2.115108,5.6564735
865,6.972134,6.1614624
866,1.118823,1.4989921
867,0.12618,0.1395628
868,9.047056,15.8237655
869,7.394118,4.5284251
870,18.267683,39.8084865
871,21.302116,17.5888956
872,0.452646,0.602823
873,6.362901,5.1529643
874,5.081828,7.6768863
875,0.147056,0.1013033
876,4.385217,3.3639004
877,1.357506,0.6510299
878,50.402,42.5101672
879,1.623592,1.4709787
880,6.297025,8.6392464
881,836.8108,712.859662
882,2.260061,2.7250358
883,5.821533,5.4793191
884,66.4855,81.2203478
885,0.187101,0.5776509
886,70.59892,53.2462105
887,1.806,1.29728426666667
888,189.92802,136.952361
889,0.003167,0.0453413
890,18.089048,21.230358
891,228.45,218.877544
892,659.9073,768.456685
893,2.540622,2.4447005
894,3.312614,3.5669803
895,1.622286,1.9026053
896,25.802643,23.3546241
897,0.024729,0.207174466666667
898,29.09982,27.9999358
899,191.15428,208.568375
900,19.29642,21.6283457
901,133.10892,106.1458481
902,11.451703,9.4892861
903,5.931814,5.906615
904,2.69722,0.6647006
905,5.960624,8.0116879
906,6.568067,6.0928657
907,20.72636,18.9866259
908,5.300492,4.3504205
909,653.926,719.913402
910,5.464955,0.7932611
911,12.109518,10.281638
912,189.225,158.097413
913,1.19,1.2055468
914,20.05552,21.9989077
915,0.489047,1.8280077
916,0.205263,0.3907988
917,15.426604,12.3429862
918,0.519438,1.1764796
919,4.206488,3.5581983
920,33.32477,30.7619984
921,78.44308,74.5482134
922,42.22489,48.4445332
923,1.277259,1.8162131
924,10.327,11.0218936
925,17.641743,14.2147659
926,5.900507,5.4774222
927,3.173869,6.8210393
928,4.560124,4.3589824
929,2.944796,3.5957611
930,1.255589,17.0079357
931,83.400986,86.6480611
932,109.04804,130.135296
933,1.49002,1.5639854
934,11.1005,4.0946198
935,13.667863,15.0347232
936,78.94429,77.136462
937,43.372498,62.5856881
938,195.57831,71.3616013
939,19.077,22.4736938
940,20.471663,19.1756698
941,80.01733,66.1532846
942,6.804424,9.4873195
943,94.70908,86.1195736
944,4.959,14.7205753
945,23.56461,20.3085523
946,8.777295,9.1643502
947,31.5995,25.1266563
948,0.974,3.411161
949,3.431873,3.3782921
950,2.064109,3.7833406
951,10.231355,10.9995056
952,14.185333,18.7290055
953,3.95,3.9679181
954,21.652946,22.7524236
955,0.846364,0.8969517
956,0.167858,2.9255525
957,1.961665,2.011037
958,0.27367,0.184378033333333
959,8.504322,6.8232178
960,675.568,589.238609
961,9.846201,12.0190236
962,72.75602,72.9192667
963,1.476977,1.4283063
964,1.00809,1.2405395
965,581.9872,565.591587
966,3.381714,4.6163617
967,74.119,67.7983234
968,0.780559,3.4710511
969,8.680919,5.1272405
970,85.37642,81.2236541
971,0.2345,0.5133685
972,4.847,2.442749
973,18.18004,13.8104515
974,43.47331,48.8320589
975,17.733412,13.528707
976,31.410334,27.9001163
977,0.695419,0.7681
978,1.579306,1.6500802
979,6.532113,6.6060596
980,4.881082,62.4463397
981,5.055035,5.6131782
982,10.977344,22.3496637
983,9.692415,10.274444775
984,32.378418,28.6939722
985,17.187746,18.2995036
986,72.2367,85.4778348
987,19.757057,22.1549509
988,930.47473,818.859292
989,3.744558,3.5134928
990,208.40413,192.165315
991,10.772047,17.8016061
992,3.846642,4.6892385
993,73.321976,66.7172191
994,26.49205,24.6271617
995,36.407875,39.9626925
996,7.759745,15.4187351
997,8.8375,1.68771
998,0.238811,1.4101818
999,7.847,7.4770286
1000,2.619848,2.2855252
1001,236.31136,251.096689
1002,0.909847,11.275848
1003,217.24658,213.7494334
1004,9.218355,11.8599815
1005,5.919014,5.087101
1006,97.47104,89.2177554
1007,28.976332,11.5171404
1008,20.967695,17.6593628
1009,4.671051,5.0905294
1010,50.072266,87.87989
1011,1.118753,34.3562517
1012,0.758581,0.9204118
1013,0.576508,1.4472023
1014,2.919133,13.2066912
1015,7.146293,10.4359958
1016,1.575855,0.9094315
1017,17.634964,15.5461022
1018,0.150944,0.137768033333333
1019,1.041625,3.2878852
1020,8.857291,11.1632928
1021,30.528242,26.8468952
1022,23.909,24.606439
1023,273.51096,265.255973
1024,20.76598,16.6876997
1025,4.389139,3.7661496
1026,21.4165,21.2796643
1027,0.839453,0.618083
1028,0.05113,0.6688764
1029,13.08259,18.9000783
1030,7.87664,7.4516453
1031,9.107763,8.2505542
1032,21.337729,24.2437435
1033,27.743,25.3742599
1034,1.14,8.4545875
1035,808.78894,895.823184
1036,10.273501,8.7086243
1037,63.007,85.5484621
1038,22.733137,19.7810143
1039,0.062031,0.055024
1040,2028.3417,2029.24686
1041,1.469399,1.2781688
1042,8.032907,12.386701
1043,3.123401,4.4412894
1044,4.360129,5.4053002
1045,3.933232,4.4074114
1046,11.077107,8.9577851
1047,18.415625,19.3503486
1048,7.7875,7.0277681
1049,38.334663,38.1931854
1050,2.47807,2.4507236
1051,8.707195,8.5660841
1052,0.846269,1.0098638
1053,17.133,13.4832788
1054,2.495994,3.3230452
1055,80.71224,76.5600055
1056,3.516429,2.5807381
1057,0.954741,1.2050152
1058,0.650907,1.4724792
1059,27.558647,18.7173842
1060,0.773342,2.0015047
1061,15.072489,10.0405774
1062,1.9215,1.6528688
1063,21.096035,23.637187
1064,73.01688,83.8579898
1065,27.971905,27.9389307
1066,7.770124,7.2858391
1067,25.63814,25.3954172
1068,20.002874,24.0362773
1069,4.30087,4.1430399
1070,1.997168,10.1981192
1071,9.495472,8.9408391
1072,6.819707,9.68353
1073,2.134647,3.4350905
1074,27.52387,26.5442034
1075,34.96915,30.267084
1076,31.667755,35.9036699
1077,1.029947,1.68283822
1078,40.727135,46.9431339
1079,6.113657,6.6229107
1080,205.18318,190.13333
1081,37.920895,47.1446453
1082,6.939517,9.580068
1083,1.032551,1.517632
1084,7.826029,7.7817614
1085,0.496931,0.416308
1086,59.77435,66.9925988
1087,1.277907,1.2095754
1088,836.8423,626.950831
1089,34.863033,42.6485339
1090,13.391826,15.8482911
1091,37.611156,33.7511538
1092,5.506837,3.5076667
1093,4.66966,5.455734
1094,20.93583,14.7881244
1095,1.353744,4.7062445
1096,21.156801,19.3457262
1097,12.464127,10.3455838
1098,3.6414,2.561834
1099,4.827743,4.6293885
1100,11.232646,8.1965371
1101,15.056328,12.348062675
1102,-0.005264,0.0145894
1103,13.364846,20.1412549
1104,1.859148,1.37225645
1105,2.80267,2.0640038
1106,0.213343,18.9272688
1107,15.768364,16.7212826
1108,7.034547,5.9790879
1109,256.41537,234.0987078
1110,15.816915,15.5458491
1111,3.902842,2.9515032
1112,9.365349,11.3836274
1113,152.57509,210.238855
1114,2.226235,2.6808491
1115,6.838754,7.0023263
1116,22.502703,31.8343639
1117,15.551148,15.4468594
1118,26.139,22.6485404
1119,5.046245,5.2365848
1120,15.900389,14.4968263
1121,990.28674,948.818965
1122,5.447712,6.1230306
1123,33.35511,22.7075678
1124,0.303086,0.5369844
1125,0.086,0.3520519
1126,13.922419,13.8559825
1127,5.190282,6.3223822
1128,14.262782,11.4211866
1129,4.510019,6.0430948
1130,277.40308,255.786383
1131,1.504,2.1095789
1132,20.839,18.4575402
1133,1.374466,1.4899434
1134,2.408573,3.8526978
1135,0.749148,1.3737786
1136,70.10771,52.7319452
1137,6.492517,7.5217515
1138,5.616759,4.3270194
1139,11.020928,13.1828364
1140,0.905976,2.6024517
1141,1.663682,1.7110473
1142,7.720576,5.183351
1143,3.861,5.2420026
1144,3.64652,3.3360167
1145,0.839025,1.0217122
1146,2.606382,2.5599058
1147,4.291605,4.8311186
1148,0.08225,0.0023252
1149,10.7835,13.5080346
1150,0.887623,4.5988796
1151,45.93377,46.8666567
1152,0.963407,1.3116147
1153,1.59496,1.1756492
1154,7.574224,5.9378939
1155,177.96764,192.048424
1156,4.398674,5.4377199
1157,6.09251,5.4204507
1158,22.011835,25.9760626
1159,10.211722,8.3747718
1160,0.57702,0.9696315
1161,3.022199,5.9767731
1162,38.655884,36.3427652
1163,139.63248,163.479355
1164,4.377369,3.7171804
1165,12.6945,13.9994755
1166,0.453993,0.7753444
1167,3.095655,3.1181108
1168,46.009323,42.7772051
1169,6.828047,7.1976147
1170,616.5792,567.085442
1171,0.922405,0.7769999
1172,28.80428,30.8769307
1173,14.278121,12.4655237
1174,0.067104,0.2210628
1175,164.6504,145.5060836
1176,48.155,52.1438237
1177,7.268743,4.4181387
1178,168.74455,175.190308
1179,2.201,2.9728437
1180,19.109295,23.2099784
1181,8.153064,6.5421249
1182,14.218794,11.9840742
1183,32.124504,42.6915181
1184,668.11755,705.508217
1185,12.254941,12.6932349
1186,2.994068,0.9550887
1187,5.878684,5.3887812
1188,18.515467,17.1408596
1189,340.13525,341.444294
1190,30.384909,23.4307745
1191,0.450981,0.4910127
1192,3.964549,4.1698299
1193,6.030155,8.1947407
1194,207.82423,208.2044854
1195,0.931897,1.4705431
1196,6.444085,2.6326108
1197,2.272724,1.8495697
1198,6.743515,6.6621282
1199,23.546324,19.6984782
1200,39.72334,41.4240229
1201,6.084299,6.2363012
1202,14.134046,11.7044392
1203,2.218563,2.8935198
1204,1.863,2.6302906
1205,9.391012,15.3713584
1206,9.417728,33.9503195
1207,7.066,7.7221582
1208,1.574236,1.6001427
1209,3.601012,2.9989538
1210,1.106056,1.0641166
1211,20.847666,23.3652388
1212,24.367722,24.6269746
1213,0.325497,0.379598
1214,385.09192,577.077219
1215,4.38606,4.1493438
1216,47.707497,51.0275756
1217,22.758905,26.0275686
1218,21.496,21.8889652
1219,27.655,30.0328341
1220,6.720246,4.9994226
1221,4.511546,5.837264
1222,17.272425,19.0412686
1223,2.357244,1.5813397
1224,7.285154,6.3295951
1225,2.7747,3.7898048
1226,2.601401,2.4430908
1227,0.27783,0.318093966666667
1228,15.570573,25.5078127
1229,7.52161,7.3561545
1230,3.474,4.2888084
1231,354.57474,346.658783
1232,40.95,38.7262145
1233,7.337734,5.2721552
1234,2.965335,2.3862834
1235,33.538,26.5147865
1236,15.137,14.1056328
1237,-8.227,7.9117279
1238,0.600103,0.9756198
1239,5.81262,5.655281
1240,35.384945,30.6032606
1241,0.223964,0.2816476
1242,26.279673,21.7853872
1243,3.357029,2.500333
1244,-3E-05,0.14119815
1245,22.772,16.320165
1246,5.7275,10.7687743
1247,36.289448,36.8570177
1248,0.506798,2.9873691
1249,22.337587,22.9426023
1250,17.119864,20.8399922
1251,271.7804,272.3155684
1252,7.695908,5.2389437
1253,8.456953,6.8253256
1254,282.0719,312.937019
1255,143.32927,155.675014
1256,9.039627,10.6188947
1257,5047.336,4512.86865
1258,0.6845,0.9185832
1259,22.263742,22.1049459
1260,248.94516,230.655304
1261,0.272343,0.17337468
1262,1.722034,1.66474706
1263,1.848687,2.1914728
1264,10615.758,8447.4326
1265,89.227486,87.381375
1266,28.717651,31.8935304
1267,0.812798,0.90380262
1268,154.78392,179.568674
1269,1.245157,1.098229
1270,24.948668,19.800858
1271,34.096,25.3966699
1272,8.133493,8.7362677
1273,1.3665,1.3540203
1274,9.05603,15.1145257
1275,-0.019737,0.2588549
1276,10.531661,7.864323
1277,43.7845,45.8196514
1278,2.671569,2.1966045
1279,1.441221,1.330442
1280,0.000268,0.2633932
1281,0.380717,8.5139067
1282,21.707386,17.4082538
1283,70.26101,63.3230208
1284,801.42084,792.846492
1285,11.822137,2.3820681
1286,24.30523,21.5028608
1287,244.83058,254.365322
1288,1.899363,2.6031709
1289,17.842209,19.4500768
1290,16.567282,18.2734468
1291,0.263189,0.2606882
1292,1.55,1.7359138
1293,7.612938,9.6256664
1294,43.621796,39.3441455
1295,25.404,24.9188142
1296,0.69222,1.33497586666667
1297,1.01322,0.9814273
1298,4.645425,4.9820316
1299,103.938896,96.200172
1300,155.37506,131.1113174
1301,7.524405,3.7779516
1302,78.95437,73.7714528
1303,4.592187,5.0299623
1304,11.290615,14.7172433
1305,2.51623,1.3972572
1306,0.5415,0.777536
1307,5.180438,4.5208741
1308,0.009581,0.2370337
1309,7.282,12.4105806
1310,0.261236,1.0478186
1311,20.23362,36.4005149
1312,173.27968,433.392013
1313,53.217,63.280585
1314,7.45025,7.1361232
1315,32.083893,25.6475763
1316,180.04309,196.158006
1317,14.006937,14.9303048
1318,1.901244,2.2959488
1319,278.10156,318.21318
1320,8.754738,8.8890443
1321,1.707253,1.8350771
1322,0.634273,0.8982015
1323,38.05355,26.3205435
1324,10.848878,10.0717437
1325,0.810196,0.7022178
1326,0.9765,1.30723056666667
1327,21.164001,18.4013899
1328,8.486581,7.7595359
1329,4.134241,3.0578007
1330,7.21,6.7638487
1331,75.03515,87.5221032
1332,16.094542,12.3797773
1333,30.74926,26.9408916
1334,12.48,14.1558049
1335,77.977,69.0055374
1336,3.039119,2.4707802
1337,20.190386,19.0331972
1338,0.037031,0.1155243
1339,133.66576,127.6840664
1340,20.89658,22.5652669
1341,2.904,2.9630718
1342,5.141598,8.4665525
1343,6.81555,5.7639171
1344,0.550334,0.629006
1345,4.014599,7.0360781
1346,14.616,15.6986844
1347,237.50494,186.191587
1348,53.119347,62.8371124
1349,13.802,13.7419068
1350,9937.436,8888.0822
1351,3.088,0.5373814
1352,30.968,27.8192946
1353,6820.0776,5567.74855
1354,7.133534,7.1687738
1355,0.9335,1.0036643
1356,10.458887,12.4625397
1357,2.467573,2.2934169
1358,13.113245,15.3243552
1359,17.073889,11.6687941
1360,261.52603,216.215193
1361,14.103211,13.4969161
1362,3.95314,4.8674883
1363,40.118,20.8647519
1364,0.854824,1.3147187
1365,8.875081,1.7186076
1366,0.910749,0.8629007
1367,3.500212,4.7369649
1368,1.506398,1.2427899
1369,4.602594,7.0105241
1370,49.14213,66.8889599
1371,7.379,6.8310745
1372,2.380493,1.6379313
1373,7.856732,7.0262678
1374,10.740924,6.6725526
1375,1.586779,1.616087
1376,0.648188,1.1709739
1377,0.628702,0.8382894
1378,32.9,26.8245076
1379,102.09314,106.135759
1380,0.812361,0.8071665
1381,748.0932,631.703527
1382,81.59227,64.1750826
1383,13.661956,13.7900294
1384,18.116137,6.572263
1385,0.67873,1.28387172
1386,8.318299,6.9105251
1387,113.387,148.437286
1388,20.1695,23.2357914
1389,2.527716,2.1729951
1390,8.947556,8.3668129
1391,18.194077,14.5063353
1392,8.19827,6.3821871
1393,5.331279,2.4912849
1394,81.148056,94.876734
1395,10.480388,6.7828064
1396,4.914466,5.2018141
1397,18.040691,18.1941827
1398,22.89522,23.9737078
1399,24.955187,25.9852584
1400,4.684382,4.6924833
1401,27.723923,23.5448864
1402,9.363721,11.5142603
1403,2.682381,2.3822946
1404,21.654,26.7279834
1405,35.577076,49.612665
1406,5.556,6.2437684
1407,0.549801,0.7159361
1408,1.778048,2.3966972
1409,0.934906,0.9344011
1410,33.924606,32.1773486
1411,6.596684,4.8666731
1412,0.4085,0.8662274
1413,26.685186,30.1155136
1414,3.132597,3.0232992
1415,8.18891,7.9103598
1416,14.404217,12.0542112
1417,48.84768,61.5029891
1418,0.025438,0.03581348
1419,4.679596,6.0167263
1420,49.353912,44.4043963
1421,2.418,3.6538611
1422,14.05,9.9202071
1423,38.532112,33.5240803
1424,0.489273,0.7805059
1425,2.296175,1.9095344
1426,23.357428,30.3364435
1427,32.819805,34.4697952
1428,29.437943,25.6579942
1429,36.069473,32.9543784
1430,52.422,50.354143
1431,4.955335,4.7480487
1432,2.634309,0.5378703
1433,689.3961,709.552997
1434,24.54736,14.7551709
1435,24.735786,22.3464972
1436,0.230439,0.3522756
1437,7.959,10.7033466
1438,0.634999,1.1005196
1439,11.345012,10.1117833
1440,0.248749,3.1785033
1441,0.955821,1.7308436
1442,64.10253,64.3979342
1443,12153.609,8803.98365
1444,1.76236,2.3070453
1445,0.032172,0.21364425
1446,40.901806,13.535836
1447,16.036612,17.32281
1448,6.749785,17.1823705
1449,2.854538,2.8472913
1450,4.423687,5.6050217
1451,17.70487,13.3507591
1452,10169.355,8721.1955
1453,26.877,26.4687953
1454,216.33769,219.117494
1455,31.40187,26.0949649
1456,18.92727,17.8104783
1457,4.286587,4.2285358
1458,7636.5884,8752.3312
1459,539.0039,533.721896
1460,11.843427,8.2733064
1461,4189.697,3722.30144
1462,11.053867,12.4980019
1463,0.36931,0.3650921
1464,26.028833,28.0684418
1465,984.298,1004.859774
1466,2.450304,5.1420179
1467,5.247115,4.2013494
1468,16.299,14.8597634
1469,0.888904,13.7189311
1470,3.260466,5.4490422
1471,7.206251,8.154589
1472,269.15555,262.622501
1473,1.766008,1.3566032
1474,8.199733,13.5151964
1475,3.455046,3.9820568
1476,0.418353,0.9553935
1477,0.683183,1.2049805
1478,3.9373,4.3938342
1479,60.7743,62.5655798
1480,5.757646,5.1772924
1481,523.8352,482.641163
1482,154.15887,187.28784
1483,3.087687,3.6582518
1484,21.275255,24.1055525
1485,20.956,23.0491446
1486,16.34506,17.6850057
1487,20.690704,27.6807097
1488,225.66612,203.373671
1489,19.6958,18.158251
1490,0.749689,0.4723827
1491,4.419632,5.0325211
1492,20.419,23.1476329
1493,0.985,1.5193874
1494,0.532354,0.849336
1495,4.318635,5.0399815
1496,1.519241,2.1910917
1497,24.950964,27.5388696
1498,1.255775,1.4453036
1499,0.711492,0.5783455
1500,59.721165,46.1406669
1501,20.48417,17.6080475
1502,7.028839,4.1820378
1503,45.91048,44.9489079
1504,24.579592,14.3778482
1505,35.74254,44.6734755
1506,17.01483,15.8606243
1507,22.95,21.0617067
1508,9.071938,4.0785345
1509,47.995014,44.9048281
1510,171.83238,212.530789
1511,9.625622,10.0360455
1512,477.3568,508.908163
1513,675.8755,747.125232
1514,10.812577,11.9450013
1515,5.165774,4.6333741
1516,110.596756,150.617012
1517,25.5915,33.3693432
1518,2.656797,1.4184455
1519,0.007144,0.760241
1520,922.26434,967.255904
1521,0.804011,1.2452344
1522,1171.833,1122.78142
1523,0.733734,0.8389371
1524,43.959244,34.1724268
1525,17.2415,15.4660024
1526,7739.5044,7631.22793
1527,532.7698,358.35086
1528,4.358171,5.9167104
1529,1.964018,2.3285506
1530,0.537396,1.1548457
1531,1.997858,1.9244269
1532,202.9444,231.465338
1533,118.315994,130.139228
1534,7.612831,7.016015
1535,199.97627,207.480481
1536,403.53745,364.904258
1537,5.789793,5.7867414
1538,0.675398,0.9432645
1539,183.1892,214.43099
1540,20.717,18.9376098
1541,22.89981,23.9888266
1542,39.264,42.1232211
1543,7.3715,9.2436561
1544,1.170576,1.8089627
1545,1.638438,1.61738526
1546,3.695654,3.1689585
1547,3.319509,2.8578772
1548,0.071739,0.16335712
1549,29.887217,41.2062776
1550,176.53418,211.907754
1551,5.862634,10.6173044
1552,2.349788,0.3650202
1553,3.706,3.5579443
1554,17.253613,16.6284634
1555,3.574414,4.2907238
1556,30.14115,33.6795664
1557,50.030476,39.4036253
1558,37.896717,26.6040856
1559,0.85175,1.637326
1560,16.39248,20.7659266
1561,0.341395,0.310091966666667
1562,0.402114,0.5703853
1563,10.113965,13.9982371
1564,13.721824,12.6127649
1565,10.154642,12.4589114
1566,10.29571,9.9927434
1567,57.999756,87.2598087
1568,2.832443,3.0210576
1569,79.43132,73.6313303
1570,40.31241,35.2666689
1571,0.176798,0.15793145
1572,0.027523,0.05178205
1573,9.628278,13.049543
1574,0.028318,0.1472412
1575,2.687807,2.849927
1576,278.17474,321.555886
1577,4.86408,5.2092244
1578,117.847,90.656034
1579,0.104373,0.41297838
1580,16.92643,17.6316007
1581,14.841719,14.437865
1582,12.51812,14.5323319
1583,9.700805,17.9442909
1584,0.487773,0.6082467
1585,25.503477,26.8800776
1586,1.7675,2.2846467
1587,1.169315,0.6609253
1588,19.696957,34.1356042
1589,31.8765,26.160529
1590,8.651214,8.2831063
1591,64.662346,73.231228
1592,76.25,86.885314
1593,13.220488,11.7038957
1594,14.992716,15.0215641
1595,3.850292,2.9223506
1596,0.0003,0.2645785
1597,0.000268,0.09988008
1598,37.857,37.5523639
1599,13.65799,15.5500515
1600,6.730203,10.1608108
1601,9.33853,7.289624
1602,30.850512,22.886184
1603,0.945765,4.0635685
1604,17.400965,15.2269938
1605,0.750462,1.14632
1606,0.320678,1.2815067
1607,3.8045,5.2649661
1608,796.19763,676.132172
1609,1.794635,1.2916317
1610,0.093611,0.2545647
1611,4.513,4.00800846666667
1612,52.498,57.6410313
1613,0.659143,0.5534688
1614,21.158232,20.6650544
1615,10.1355,11.5417867
1616,4.2088,5.0326036
1617,28.874548,27.3827926
1618,2.853396,2.0478063
1619,1.069358,0.9577844
1620,4.535012,4.9830454
1621,18.177135,17.9636054
1622,8.569427,15.4211212
1623,0.130774,0.15318295
1624,26.512575,26.7337544
1625,28.1272,3.4192699
1626,0.521482,0.7382106
1627,5.599044,3.0318966
1628,8.509593,6.7227102
1629,12.22632,11.3022454
1630,16.055502,17.5458904
1631,23.010786,26.3089005
1632,4.604278,3.0777848
1633,12.575,14.8450219
1634,2.688297,3.3912284
1635,5.027366,2.6132398
1636,643.0778,635.02117
1637,6.215615,7.0700483
1638,1.8305,1.6232297
1639,8.279325,10.3743243
1640,28.371792,27.0618029
1641,57.430767,33.2276125
1642,6.755339,7.9501813
1643,64.63345,74.8660495
1644,12.024342,22.4621142
1645,0.714698,0.9413309
1646,4.563742,7.7299152
1647,2.774523,2.3382143
1648,4.503113,3.085292
1649,8.686623,10.3780098
1650,5.641947,5.9077925
1651,101.588,104.6239811
1652,7.351327,7.7076489
1653,1.786996,3.4948786
1654,4.762747,5.1212589
1655,3.782909,3.5576901
1656,5.272,5.6644137
1657,112.47799,125.804069
1658,0.38518,0.3894855
1659,2.779293,0.2033176
1660,221.90054,319.059179
1661,0.537,1.5684626
1662,16.618406,19.1884595
1663,6.348098,9.6052712
1664,25.238,18.0157049
1665,12.604148,10.7318571
1666,52.231045,22.2257982
1667,22.855,17.8494334
1668,117.95262,138.790855
1669,105.31684,121.357827
1670,1.938359,1.7857364
1671,14.55991,15.0968622
1672,5.356,4.2937568
1673,0.934961,1.4599691
1674,25.012491,23.5440503
1675,781.902,877.088984
1676,0.375834,0.2238962
1677,10.203703,13.1584836
1678,0.0095,0.033053528571429
1679,11.191628,11.6333488
1680,0.020013,1.6202902
1681,6.056,7.0690272
1682,9.070882,8.0628976
1683,60.139374,31.2563739
1684,33.715,39.73053
1685,4.745043,3.5196649
1686,2.360857,1.4968769
1687,23.80004,19.2497081
1688,6.9255,7.790924
1689,35.225742,50.3006388
1690,195.94307,216.331055
1691,148.72491,101.2247938
1692,1.945,0.6329716
1693,12.052034,13.5219197
1694,27.891972,36.4186491
1695,32.777725,39.061969
1696,2.647618,3.2432527
1697,49.675022,72.4097844
1698,4.229122,2.8244631
1699,6.815068,5.6738695
1700,4351.164,4431.00632
1701,360.79175,381.404547
1702,10.826937,12.0529424
1703,599.43384,588.349278
1704,8.12879,5.9473379
1705,25.3905,31.8028696
1706,2.0615,1.5351898
1707,14.739453,14.7525559
1708,23.652,29.8439134
1709,0.722783,0.4676609
1710,11.241793,13.7878269
1711,6.192799,7.2020133
1712,0.261779,0.24757585
1713,6045.4844,6559.54238
1714,251.35867,244.032295
1715,36.884705,43.5819304
1716,1.824322,2.2220231
1717,7586,6162.23848
1718,21.052511,23.211467
1719,0.001777,0.0212544
1720,12.191263,13.6535932
1721,5.72485,5.1095842
1722,15.565,11.539512
1723,824.7375,858.09063
1724,269.11377,229.922688
1725,15.5335,13.1456378
1726,3.62839,4.7009316
1727,1.99042,1.925937
1728,2.426281,1.5621037
1729,42.202667,21.7974252
1730,3.271453,4.7436757
1731,12.7745,13.7602611
1732,0.208021,0.4556658
1733,1.804654,5.9277974
1734,6671.9697,7050.59687
1735,0.309654,0.17091505
1736,21.7825,21.0662722
1737,58.2385,53.9010894
1738,2299.5725,2215.47537
1739,12.172039,10.04554
1740,1061.6708,1135.13474
1741,7.212862,6.5861179
1742,0.212663,0.0772501
1743,0.368701,1.5197854
1744,20.674747,28.0811422
1745,41.661858,37.3424153
1746,1.305043,1.9482635
1747,1.464359,1.0970931
1748,5.332,4.0225239
1749,18.568,21.482365
1750,20.575626,19.9545334
1751,0.950938,0.8781784
1752,316.33356,332.049555
1753,257.70074,273.366635
1754,4.867672,5.4827099
1755,0.146952,0.2367495
1756,7.569837,56.7011716
1757,2.848421,3.6676652
1758,1.4365,1.5175953
1759,4.716529,5.10686873333333
1760,510.86005,470.338205
1761,12.828884,13.135625
1762,5.418605,4.9455996
1763,739.3381,576.024255
1764,3.823,6.1018281
1765,1.053,1.0739874
1766,0.231025,0.3864799
1767,9.099173,7.126286
1768,8.284243,12.9240172
1769,172.77525,200.451796
1770,3.689159,5.382705
1771,1.855891,3.4206019
1772,11.0555,13.5842701
1773,30.867077,33.5060513
1774,195.05023,218.728609
1775,3.514848,2.9107788
1776,3.245,2.9516756
1777,4.472433,4.3980628
1778,5.77502,8.7561067
1779,5.218456,5.4219167
1780,0.376835,0.0971698
1781,0.363,1.4754914
1782,2.491207,4.0047511
1783,-0.022974,0.02039928
1784,8.339418,12.6861241
1785,203.05367,247.230004
1786,0.14676,0.4794667
1787,34.987,30.9183523
1788,10.949908,6.330257
1789,1.290777,1.0500899
1790,15.564085,13.9720455
1791,6.120389,5.6602756
1792,15.322038,8.2528807
1793,4.442387,4.5082869
1794,12.479507,10.5973867
1795,10.410312,10.298629
1796,0.938369,1.5504918
1797,359.45,455.76789
1798,5.471575,5.9978527
1799,7.1265,6.6187163
1800,7.639013,8.5246686
1801,1.158155,1.5048659
1802,20.34208,14.8208341
1803,1.118748,1.6491965
1804,1.194719,1.6062272
1805,1.382065,1.5268215
1806,53.979244,35.8339257
1807,33.664764,35.7743634
1808,39.85276,41.844893
1809,9236.133,9534.9583
1810,1.826141,1.6655881
1811,37.650993,36.0940981
1812,6.880951,7.594535
1813,19.723888,20.9248273
1814,306.3878,301.347903
1815,39.283085,53.2346534
1816,2.860429,4.7346451
1817,56.626995,70.050337
1818,1.266679,1.6980732
1819,77.536125,101.185673
1820,8.485136,5.4609597
1821,14.886239,12.0944041
1822,0.291953,0.4238072
1823,5.042656,6.1059028
1824,11.890986,6.003389
1825,17.07655,27.0737079
1826,13.7795,11.9631819
1827,1.979272,1.9313512
1828,37.954018,25.8118169
1829,6.859055,7.5213866
1830,1.085729,1.5766549
1831,58.116,73.6006576
1832,1.435738,4.0268043
1833,8.898887,7.8988479
1834,0.424615,0.3135119
1835,0.5805,0.63316935
1836,1.706285,0.4684007
1837,39.483444,44.7162203
1838,13.15166,16.6280689
1839,3.837993,4.0042806
1840,0.915755,1.28182495
1841,35.01051,31.5865701
1842,32.827232,20.6901013
1843,17.6775,20.8088426
1844,28.5115,24.5187941
1845,4.635721,4.8266243
1846,54.595078,63.8129595
1847,1.197461,1.1144782
1848,1.411131,1.1908153
1849,17.331808,35.7741305
1850,20.632044,32.7985825
1851,0.005083,0.398956
1852,2.51918,5.5503542
1853,24.884665,26.4933166
1854,205.96194,189.790322
1855,50.687,47.3344276
1856,1.401328,1.1137474
1857,95.94151,91.0866405
1858,0.022702,0.0892438
1859,40.144043,41.9185074
1860,275.33603,252.344256
1861,27.30882,29.4832905
1862,22.3395,21.4327043
1863,239.08307,675.167744
1864,0.273575,0.365055
1865,21.78773,25.2928599
1866,11.762885,10.3557086
1867,4.55131,5.1808594
1868,1.5465,1.5917395
1869,1.065094,1.5130519
1870,12.222117,11.3399005
1871,3.907743,3.5469415
1872,1.393999,2.4376104
1873,4.07525,0.4593888
1874,19.977161,19.445677
1875,1.985647,3.7847034
1876,15.694589,13.8549801
1877,16.43445,2.2297436
1878,56.44421,49.2706487
1879,2.988033,3.8509425
1880,0.85039,1.0711685
1881,28.917124,24.7372781
1882,45.369884,41.4223261
1883,2.499049,2.6322125
1884,41.30818,29.1855641
1885,16.97539,14.0358686
1886,302.76352,341.268527
1887,256.62695,254.957799
1888,4.691855,4.9837493
1889,209.48889,204.070744
1890,1.626443,1.7413957
1891,18.8852,18.0598011
1892,0.5775,0.482708
1893,1819.673,1908.1187
1894,4.064551,4.5489462
1895,7.059,6.2685211
1896,3.303639,2.0941872
1897,6.5285,7.2354905
1898,6.73679,5.7651216
1899,13.425724,15.9395409
1900,2.499,2.4105046
1901,98.22824,140.167178
1902,286.3552,143.04063
1903,118.1363,144.5091386
1904,19.903652,12.0547037
1905,3.786306,4.7954759
1906,108.787926,106.4052405
1907,62.70412,44.8625194
1908,46.754,35.7272041
1909,0.241818,0.6271494
1910,0.524,0.9105611
1911,4.72855,3.5292259
1912,47.762085,34.5554114
1913,273.75555,314.55914
1914,8.48506,9.6185403
1915,5.495815,7.2286788
1916,82.96535,85.3599977
1917,18.729,31.1197185
1918,31.113306,28.5238737
1919,1.990097,1.9685992
1920,4.176489,2.948966
1921,12.667878,8.7176325
1922,1.535809,1.4520884
1923,8.608353,10.4392006
1924,8.7824,30.7191755
1925,148.76952,154.520982
1926,5.329907,4.8233573
1927,1.344881,2.1068666
1928,3.047621,3.7280073
1929,7.46052,7.1261261
1930,9.697784,11.9830306
1931,0.594988,1.1444408
1932,505.15817,509.730009
1933,0.823486,0.7408527
1934,2.0615,2.3532069
1935,-0.009378,0.135392
1936,7.265077,11.6554168
1937,15.484,15.5737976
1938,4.69122,1.138748
1939,449.5,457.530874
1940,0.292848,0.4163243
1941,7.607376,3.8270379
1942,0.269,0.790115
1943,1.238535,0.9930008
1944,20.063328,23.2926644
1945,1.190305,0.45163735
1946,397.40018,342.389897
1947,64.13527,72.5503965
1948,343.0954,395.231839
1949,618.003,576.51756
1950,2.0625,2.4532453
1951,2.000161,2.5188567
1952,5225.2183,5295.19068
1953,14.305,10.3415346
1954,0.095891,0.277765
1955,67.851,64.1039652
1956,9.232856,10.7484115
1957,2.271542,3.4070955
1958,47.76922,59.5479605
1959,80.719345,28.6073175
1960,0.003179,0.1402669
1961,17.7605,14.7961888
1962,108.252815,135.218004
1963,15.869,15.7039797
1964,200.80414,198.084992
1965,11.46665,33.0983203
1966,4.2185,4.1855292
1967,7.987,7.197833
1968,296.8481,234.06326
1969,5.430697,12.1785064
1970,10.053,9.9043478
1971,15.747352,14.3394508
1972,12.200681,11.306148
1973,7.540351,6.7151903
1974,68.219635,58.7526252
1975,345.56564,479.014068
1976,3.25419,4.5216384
1977,1.135124,0.3459803
1978,43.146442,13.5020876
1979,28.48942,36.5953233
1980,10.684624,6.7124427
1981,1.011474,1.3837079
1982,27.966501,18.7239489
1983,1.784092,1.2726225
1984,7.341941,6.591188
1985,0.2825,0.4518396
1986,4.305274,4.4531856
1987,111.05,95.9350051
1988,321.87613,272.973664
1989,2.510641,2.0836554
1990,8.303549,6.4481992
1991,12.049967,9.4591262
1992,2.756454,2.5458109
1993,3.584194,2.592219
1994,3200.665,3868.54853
1995,1.68712,2.3749665
1996,4.614142,2.8907394
1997,0.142417,0.167288
1998,2.182333,3.7951881
1999,5094.057,4917.48441
2000,24.391634,24.0902335
2001,338.62936,417.402015
2002,25.954315,21.8664479
2003,4.121608,7.298624
2004,9.61764,28.7598312
2005,0.551264,0.5444766
2006,26.909248,28.2620396
2007,12.9054,15.0514421
2008,1.212471,2.6679642
2009,104.78673,103.8199041
2010,5.381045,4.8360757
2011,1.986389,4.0289375
2012,6.177245,5.8778099
2013,325.83862,377.139232
2014,1.332327,2.1769288
2015,7.264264,4.2151451
2016,4.14936,5.1601783
2017,0.709713,1.1927727
2018,2.933437,2.6605482
2019,2.626965,2.9859015
2020,4502.8306,4555.01131
2021,36.47,22.6072822
2022,14.287,14.91315
2023,2.826559,4.6491023
2024,0.041193,0.1717686
2025,0.721183,2.8242283
2026,0.698,1.5702672
2027,13.336,7.2827462
2028,0.22699,0.76979565
2029,0.057528,0.0923522
2030,37.979,38.7170703
2031,568.6783,1034.747074
2032,2.661933,4.1584353
2033,140.78374,172.382414
2034,50.349155,58.1234764
2035,93.21141,92.5736876
2036,0.112271,0.3980297
2037,10.806286,10.22810125
2038,45.86774,6.5173814
2039,0.668812,1.1974147
2040,0.000419,0.0504926
2041,3.68272,5.7749224
2042,9.621449,9.6998407
2043,2.097339,3.3507312
2044,83.84246,79.8893378
2045,23.14839,23.4217838
2046,4.79624,5.5969383
2047,17.60939,23.1763227
2048,0.516949,1.2946032
2049,1.981398,1.8469217
2050,1.560149,52.8900379
2051,6.250648,3.4795091
2052,15.011183,13.8777859
2053,2.796938,2.1899571
2054,4.426154,4.5120812
2055,76.400085,67.7533739
2056,1.056752,2.5745659
2057,1.575803,1.7804729
2058,118.235886,103.786543
2059,10.748826,22.4387038
2060,27.507408,34.4668911
2061,294.43457,330.023009
2062,34.271675,32.7930606
2063,10.684505,11.5887303
2064,475.10037,589.40927
2065,390.90424,511.133145
2066,225.35,225.058255
2067,34.649406,34.6342327
2068,7.010583,10.0638837
2069,4.3935,4.6222125
2070,0.710512,1.9534593
2071,133.878,93.6238318
2072,2563.9678,2678.78656
2073,103.855576,98.9693764
2074,7.610684,6.3422719
2075,4.323195,4.5497222
2076,28.653055,30.8396774
2077,14.374,12.4456726
2078,1.328619,1.6834093
2079,25.464607,28.6087287
2080,1166.2013,1135.46496
2081,6.324959,5.6199396
2082,7.675758,8.4628229
2083,325.0742,363.792419
2084,14.679094,12.9299958
2085,0.7175,0.7977109
2086,0.624536,0.9431036
2087,9.78695,7.8480887
2088,12.400084,14.7467772
2089,25.77893,25.3275148
2090,61.3945,68.4734014
2091,11.574056,11.5235814
2092,24.680296,25.1211447
2093,25.71796,28.8477605
2094,0.548619,0.2820668
2095,14.955584,13.8416044
2096,1.093406,2.6150931
2097,12.001849,6.8373365
2098,6.020025,6.6269622
2099,17.783056,27.4314995
2100,0.427662,0.532573
2101,33.277515,30.4063291
2102,3.45851,2.866107
2103,8.053528,5.7026135
2104,162.38585,134.159331
2105,32.521,15.9633706
2106,236.18187,218.263867
2107,0.417575,0.8088085
2108,19.252378,8.3710619
2109,1.0575,1.8815322
2110,24.247078,29.9882554
2111,131.67952,124.429677
2112,4.148269,4.0517329
2113,0.446358,1.7391148
2114,1.438333,2.0524996
2115,15.413708,16.7181282
2116,8.164218,10.4502867
2117,16.140821,16.141302
2118,39.046,51.5411242
2119,0.004702,0.020537275
2120,32.31183,29.7880514
2121,6.3965,6.7425072
2122,412.38654,459.933124
2123,1.026937,0.6960395
2124,0.481953,0.6929854
2125,0.669375,0.6333065
2126,0.802811,0.6100971
2127,0.262384,1.4267966
2128,19.380333,21.6836065
2129,5.091521,7.7291669
2130,29.074896,38.6165245
2131,648.41693,636.827206
2132,640.507,686.024178
2133,3.421047,5.0967774
2134,24.192154,25.2519739
2135,7.117349,10.0436816
2136,8.130905,7.678964
2137,12.53398,43.0427471
2138,15.031483,19.3431334
2139,61.853344,65.8017059
2140,1.020627,1.6852987
2141,1.633182,4.4340829
2142,6.240926,6.9075677
2143,8.378949,8.9333347
2144,0.2475,0.356646
2145,18.982256,17.0579491
2146,3.511887,4.5135149
2147,7.099378,5.5846973
2148,2.113607,1.54361086
2149,10.127525,8.5243785
2150,31.160992,30.8140204
2151,2.734248,3.7869613
2152,6.128255,6.5100212
2153,11.683265,11.3081576
2154,7.575,2.2912551
2155,37.606476,29.0954601
2156,4.605406,4.6598549
2157,18.697973,17.0148452
2158,0.298,0.4379173
2159,102.646576,74.2973618
2160,17.079386,12.2598026
2161,5.172867,3.6953207
2162,2.588584,3.69418326666667
2163,193.86995,195.947581
2164,47.070858,36.7568817
2165,1.205011,1.5788708
2166,20.239962,46.4034463
2167,0.07302,0.0343079
2168,53.835598,61.0852927
2169,3.187654,3.2967341
2170,1108.66,1162.60983
2171,5.402781,0.9322646
2172,34.828255,28.5153408
2173,21.810637,92.0153706
2174,6.87746,6.6608309
2175,5.358052,7.3207217
2176,28.032,27.634255
2177,10.954685,8.9208243
2178,650.842,525.922269
2179,7.1659,8.4348087
2180,1.657585,1.8691928
2181,-1.244794,3.5509757
2182,1.976355,1.2336469
2183,4.057791,5.4448787
2184,836.711,683.83381
2185,7.756251,3.2560732
2186,27.008,25.7414716
2187,0.41477,0.3184341
2188,4.533665,4.4089428
2189,0.665852,0.5580749
2190,0.334004,0.3774334
2191,94.67424,94.304629
2192,577.89545,541.947084
2193,1.509142,1.4660934
2194,54.505665,53.3314181
2195,1.716727,1.3235443
2196,17.26701,14.5728857
2197,0.241905,0.359178166666667
2198,0.634097,0.6809711
2199,14.0915,14.18235
2200,951.35046,820.492895
2201,19.010134,14.0336792
2202,34.7885,31.0318694
2203,2.09054,1.7486399
2204,0.252885,0.7310308
2205,0.194715,0.2382393
2206,53.60514,55.0142601
2207,7.838282,8.0552865
2208,2.756561,3.411362
2209,3.623198,3.8370665
2210,0.100792,0.260340866666667
2211,0.59114,0.44483
2212,5.7045,11.7220213
2213,1.31196,0.8119289
2214,11.305663,11.7063139
2215,0.3685,0.0542867
2216,8.503747,8.2186979
2217,1.391893,1.6244079
2218,30.520847,10.7091323
2219,0.428289,0.9850786
2220,9.233392,12.754596
2221,7.009,11.4550992
2222,31.600122,27.2003336
2223,512.5558,588.207525
2224,69.04784,65.9306152
2225,5.929528,5.2167668
2226,1.963393,2.6935075
2227,12.605357,12.8853508
2228,0.438635,0.5638952
2229,15.250614,15.1939884
2230,49.085896,42.2826086
2231,3.05359,3.6403096
2232,0.211312,0.791864
2233,94.2009,86.380762
2234,9.98016,5.8701816
2235,0.055971,0.3160284
2236,342.00418,248.529846
2237,0.269552,0.3152133
2238,51.424,40.351399
2239,0.125297,0.308832
2240,9.152391,10.8741124
2241,11.175646,15.702727
2242,2.576781,3.1202344
2243,90.870605,86.8132837
2244,44.60962,90.6537629
2245,27.134735,27.5651529
2246,8.864817,6.5339884
2247,1.5255,2.1509316
2248,0.590676,1.4138768
2249,3.165424,1.9372163
2250,6.944313,7.3120482
2251,47.193737,37.0745997
2252,27.791622,24.7357627
2253,1.119861,19.9472342
2254,3.766799,3.4103638
2255,13.9115,12.7359532
2256,16.889957,23.5066283
2257,11.225936,10.6610593
2258,4.213722,3.165594
2259,123.8238,100.451363
2260,536.5463,591.026446
2261,4274.1133,4821.4286
2262,68.49221,54.8625125
2263,14.113579,22.1752875
2264,1.69754,2.2474784
2265,563.72845,420.449428
2266,0.708081,2.4195275
2267,12.386796,10.4237869
2268,59.359596,57.8196353
2269,0.54559,0.2285451
2270,29.918262,34.3673245
2271,5.692412,4.4818989
2272,24.127127,30.8488449
2273,9.7545,6.6960719
2274,3.986,7.085574875
2275,441.45413,346.407671
2276,0.4875,1.3908484
2277,60.888786,43.3719058
2278,22.845894,22.1845473
2279,3.232592,2.5842614
2280,0.4495,0.5397133
2281,19.569872,16.5832514
2282,2.065018,1.8728061
2283,8.254825,9.5641087
2284,7.257579,6.4631054
2285,8.416115,10.6899183
2286,12.310176,19.7957616
2287,19.5435,21.1448347
2288,9.632099,10.6354503
2289,0.965854,2.0695828
2290,28.894506,22.2531966
2291,12.130406,13.5686893
2292,96.3055,80.1458403
2293,308.9832,327.305195
2294,2.624,6.1231762
2295,8.032939,7.0480784
2296,2595.4568,2676.7969
2297,28.822,35.83807
2298,18.774563,18.8662517
2299,6.050939,5.9646666
2300,331.90918,373.13042
2301,1.440026,1.2165153
2302,9.226414,6.5185495
2303,8.947979,19.5004264
2304,6.980338,5.7414086
2305,56.88634,115.2669441
2306,4.12218,4.590309
2307,6.113,4.3198501
2308,75.746216,67.1414026
2309,6.932389,10.1938823
2310,13.280241,14.0219184
2311,0.044017,0.1034528
2312,8120.0786,7717.89163
2313,9.796964,8.5737663
2314,21.38038,20.4513419
2315,280.41968,353.159595
2316,5.388969,6.6748319
2317,179.152,225.84215
2318,25.591993,22.1719447
2319,948.01135,833.371601
2320,26.926168,15.7254846
2321,102.51179,117.8599534
2322,0.895109,1.4051515
2323,9.620899,7.6915315
2324,26.820915,43.1251676
2325,728.0739,586.592439
2326,6.29314,12.4717599
2327,13.052303,11.1467915
2328,1.118374,1.0929163
2329,7.722874,5.9787416
2330,3.456362,5.1032845
2331,18.448122,18.0451477
2332,15.747433,15.2053391
2333,2.795,3.2130801
2334,0.581852,1.600461
2335,1772.1997,2108.18857
2336,15.649918,15.7288312
2337,4.602548,15.3091137
2338,171.49748,183.667005
2339,4.854151,3.5108181
2340,0.297,0.49999
2341,28.895582,20.8222408
2342,27.266,47.1071378
2343,3.7225,4.3514694
2344,0.367708,0.2858183
2345,4480.2505,5955.60198
2346,12.987,4.8768763
2347,0.473283,1.2890503
2348,1005.5262,840.985436
2349,0.353201,0.5459965
2350,4.861422,5.088039
2351,3.190162,2.9341576
2352,34.940704,36.9413022
2353,0.331119,0.304448
2354,0.879,43.3805489
2355,16.2881,12.515568
2356,6.623302,5.8807402
2357,21.033752,7.3539787
2358,6.777098,8.4068405
2359,1.597863,2.358247
2360,26.86165,31.8922106
2361,0.412604,0.611347
2362,8.044245,9.1936223
2363,0.7845,0.6556197
2364,210.24884,224.027368
2365,21.95,25.5125936
2366,84.176,71.0422413
2367,14.772,13.6920152
2368,3.061778,6.7488608
2369,96.48612,125.7520674
2370,14.956204,9.6853689
2371,9.488727,4.6582534
2372,9.285981,5.7663357
2373,525.50586,598.498817
2374,1.477366,2.064698
2375,9.3835,8.3826541
2376,12.520273,8.5706552
2377,59.35167,50.0847124
2378,25.486973,34.1382267
2379,56.04183,42.3849782
2380,0.12138,0.3604893
2381,419.53232,329.293025
2382,5.19939,7.0987832
2383,5.372824,6.2497458
2384,1160.4954,1226.877015
2385,48.794697,45.8974536
2386,0.778113,0.6113451
2387,7.4395,9.4063212
2388,1.668403,2.2946194
2389,5.268,4.3355783
2390,9.561726,7.0975073
2391,427.16705,579.854283
2392,1.951396,3.74413
2393,92.068,95.9815436
2394,12.888262,17.7332862
2395,9.253296,10.0791918
2396,7.752955,15.2559582
2397,7.805428,9.400384
2398,5.339684,5.1442334
2399,0.916173,1.2557569
2400,6.336952,6.7369691
2401,5.1505,4.5044213
2402,21.454,21.9811039
2403,5.937498,5.8301979
2404,1.268969,1.862168
2405,-8.601155,52.8108104
2406,223.16447,219.3033
2407,8.495907,8.4672789
2408,5.313,2.9646817
2409,0.680214,0.3418023
2410,1.747079,2.6441301
2411,5.308698,4.3961336
2412,1.394864,1.6874977
2413,117.13902,103.8138364
2414,7.074976,4.6881997
2415,10.096644,11.3987342
2416,6.031454,4.3794077
2417,0.432476,0.7497905
2418,9.79277,17.1662929
2419,28.07,26.802508
2420,85.40311,77.3520245
2421,1.647792,1.5246121
2422,4.009448,3.1810869
2423,5.361329,10.9358469
2424,5.16716,4.8143346
2425,3.005179,1.3139935
2426,361.06964,359.584086
2427,0.394348,0.3386938
2428,0.237666,0.2640692
2429,1.95432,7.4436683
2430,83.45,92.6691944
2431,15.304271,13.1271854
2432,4.429516,4.9218185
2433,21.65805,7.8555577
2434,18.615,23.4989345
2435,7.805,7.3178887
2436,38.07176,47.9385797
2437,276.46506,308.800496
2438,39.754883,43.0213481
2439,152.02217,168.824865
2440,2.188843,1.8723634
2441,0,0.9911572
2442,1.899658,2.3731498
2443,1.82517,2.4279132
2444,22.81802,20.5289619
2445,11.296945,11.3424889
2446,0.258256,0.1289525
2447,35.308723,38.3397919
2448,10.886437,9.7804678
2449,39.224,49.0444222
2450,5.8025,4.3226865
2451,15.378695,13.2191927
2452,9.354512,20.3979224
2453,17.25586,14.779687
2454,16.973051,21.4739257
2455,4.420872,4.4898327
2456,0.034219,0.1688747
2457,1.087959,2.141646
2458,0.712,0.5508842
2459,2.733396,2.0648117
2460,0.084297,0.5522879
2461,52.127068,48.8651649
2462,2.642965,4.2583888
2463,30.055841,24.575818
2464,2074.2869,1182.342844
2465,8.145788,7.8791523
2466,52.139133,32.6112357
2467,24.709867,22.3621186
2468,2.243,0.9286241
2469,1.804226,2.4132462
2470,9.98357,10.1419407
2471,2.82915,1.51431676
2472,79.515045,82.9877345
2473,12.8195,13.7316155
2474,288.10086,296.449919
2475,17.712904,16.5378858
2476,24.685755,18.4661197
2477,135.65694,126.338751
2478,9.194,10.8165981
2479,6.943437,6.3023531
2480,5.55,10.3406304
2481,0,6.4063249
2482,38.119267,33.7620889
2483,0.376602,0.212121
2484,2.399466,1.7681919
2485,3.304199,3.3135169
2486,1.777,1.7912811
2487,0.148574,0.10792235
2488,5.944025,6.4774059
2489,2325.224,2240.95822
2490,47.586918,45.3456601
2491,3.502,5.426087
2492,7.257706,6.4963493
2493,0.338058,0.4241304
2494,22.951,26.6105521
2495,27.531893,26.3935839
2496,15.411671,14.0057437
2497,260.76657,313.240423
2498,1.722,9.0037056
2499,26.66972,30.7585102
2500,0.5785,0.7295805
2501,0.5985,0.6246875
2502,0.851253,0.4818138
2503,2.5035,2.1883125
2504,26.95295,28.6089922
2505,31.17868,24.5572107
2506,152.76695,157.078613
2507,3.595947,3.7510426
2508,3.699349,2.8718791
2509,4.195313,4.5791024
2510,30.630005,37.5756131
2511,24.987679,29.9318262
2512,95.35945,73.2041684
2513,6.382391,7.0979992
2514,10.639669,10.5677381
2515,429.93936,426.745502
2516,0.073531,0.05047008
2517,707.63086,705.318582
2518,10.784239,11.1406541
2519,1.364272,1.6147656
2520,2.0905,3.1022162
2521,4.286617,4.8279495
2522,11.019,10.7260009
2523,5.461263,9.6495941
2524,1.049865,0.46909995
2525,5.297301,6.2657443
2526,594.75903,666.63875
2527,17.2345,14.8978963
2528,60.976513,82.295607
2529,0.246345,1.18279725
2530,24.489834,28.4868722
2531,15.145501,9.412443
2532,1.281566,1.2391779
2533,12.449611,7.4748566
2534,3.924229,5.0433929
2535,13.75227,4.414561
2536,504.95465,552.155822
2537,117.89858,134.7142156
2538,58.816322,38.4275934
2539,689.76953,660.154392
2540,310.0738,350.919011
2541,1.702597,2.8300357
2542,0.6435,2.3587879
2543,0.060969,0.7858732
2544,426.42664,426.34333
2545,4492.8843,4529.36975
2546,270.23224,264.014393
2547,29.15,30.0367056
2548,9.562,10.4311333
2549,3.804108,2.3962906
2550,8.891888,5.7826461
2551,29.573355,41.8462293
2552,35.99402,36.5785413
2553,7.885063,8.5219231
2554,8.62253,11.2937735
2555,8.697891,10.3095852
2556,10.174599,10.8219651
2557,8.468922,9.6114093
2558,0.342915,1.3382138
2559,0.014908,0.0770467
2560,17.878145,20.6627465
2561,26.470387,20.3112743
2562,11.666714,14.878203
2563,22.808735,22.9563174
2564,5482.8594,4828.97219
2565,13.852775,11.0736402
2566,32.74862,33.8017898
2567,22.547178,21.3043443
2568,0.164619,0.4812362
2569,0.185168,0.7457411
2570,26.733173,18.9605537
2571,0.58778,0.4615294
2572,4.129979,7.3785397
2573,8.313686,9.2359574
2574,12.929602,4.2964143
2575,17.817167,18.3343622
2576,2.270998,1.9446037
2577,4.081,1.0912653
2578,0.920234,0.7508013
2579,1.214112,1.4941301
2580,23.550869,26.3352321
2581,25.251,22.459785
2582,4.710192,5.9931462
2583,45.813553,49.2855665
2584,72.6105,71.8416838
2585,34.833557,35.9314
2586,0.87,1.07394362
2587,33.10382,32.7829781
2588,58.4,73.171572
2589,3.981793,4.7294451
2590,-1E-06,0.02166
2591,4.233876,25.717279
2592,4.944452,6.9022809
2593,10.048519,13.5015518
2594,13.374942,14.9778675
2595,10.764314,10.1410058
2596,4.53861,5.6507561
2597,64.4305,68.4157049
2598,156.94087,252.557801
2599,23.260742,17.536436
2600,0.195838,1.2028538
2601,0.661148,0.9523929
2602,0.011644,0.173827
2603,581.61096,575.77138
2604,22.502062,26.6156806
2605,21.165222,13.3062604
2606,14.731707,14.1296795
2607,37.430073,28.4127365
2608,25.228401,27.3400714
2609,6.547349,4.4136513
2610,16.2495,20.5775042
2611,92.88077,95.9154863
2612,169.41547,102.9305476
2613,49.072914,44.1824695
2614,5.289023,5.8418412
2615,586.88745,627.77784
2616,99.25,108.44837
2617,280.0641,235.1615614
2618,0.622851,0.7038308
2619,37.56699,44.9996129
2620,80.328,50.5078634
2621,207.13437,179.215832
2622,8.660826,5.2812132
2623,0.66114,1.3138476
2624,43.217083,45.5751011
2625,0.160472,0.239530766666667
2626,4.2225,5.5465947
2627,24.832855,28.6190593
2628,73.93572,73.5761326
2629,41.81018,27.9339793
2630,30.523365,32.9686116
2631,8.427002,11.3278329
2632,16.678461,16.0296629
2633,0.237274,0.0835479
2634,0.3625,1.0833286
2635,0.076515,0.0285964
2636,0.371176,0.7221466
2637,6.845698,9.0608169
2638,1.478683,1.0662288
2639,21.150654,17.0513054
2640,1.53012,1.3642389
2641,12.895403,17.793102
2642,5.951052,5.5421708
2643,242.29988,253.437469
2644,10.117,1.6433819
2645,3.070442,1.6609226
2646,5.543626,5.9449209
2647,782.7156,826.256915
2648,70.88745,71.6163226
2649,72.45,70.1616272
2650,4.244895,6.0516374
2651,2.573512,7.3532167
2652,0.090584,0.5007371
2653,1.206398,1.5624112
2654,71.18536,68.142964
2655,586.5611,521.871681
2656,314.44424,248.8935944
2657,8.888664,9.4103621
2658,35.760586,40.9893456
2659,21.51251,17.3673925
2660,7.301411,10.5977843
2661,0.857222,1.6397756
2662,167.3574,185.642496
2663,2.631012,5.0366928
2664,16.587215,14.0511639
2665,5.878809,6.3582344
2666,18.35,29.5638267
2667,0.630462,1.4418782
2668,0.2365,0.6812231
2669,19.33502,18.2541357
2670,1.657289,2.2340836
2671,20.769781,11.5406294
2672,80.43605,66.771146
2673,0.445411,1.5016099
2674,83.51217,121.4387865
2675,29.1085,20.6287187
2676,1.712726,1.7411389
2677,8.078,8.5335856
2678,22.056715,18.3797465
2679,13.077842,13.8666753
2680,138.60599,193.960915
2681,0.4564,52.8499865
2682,16.234434,12.9878777
2683,7639,9341.76826
2684,10.886987,12.2026919
2685,1.60373,1.6686453
2686,3.539974,0.332333
2687,21.201,20.0930592
2688,0.295537,0.4584987
2689,27.073006,15.0190325
2690,11949.044,10254.166
2691,19.20792,16.3508967
2692,3.841558,3.579007
2693,29.503456,24.4148584
2694,5.650118,4.56148196666667
2695,10.444186,10.8791791
2696,17.524097,4.8278375
2697,1.447154,0.6597222
2698,7.410633,7.8086764
2699,1.139635,1.5978523
2700,4.819153,7.4112239
2701,4.303751,3.8564181
2702,24.628885,23.7084517
2703,12.368112,20.7009328
2704,117.19824,50.1668216
2705,8311.006,8410.29605
2706,3.177846,5.1151506
2707,0.843354,1.036979
2708,1.6905,1.8659321
2709,264.85214,270.769067
2710,1.034833,1.0947678
2711,1.134297,5.6261512
2712,100.006,77.4141462
2713,9.494209,7.2294765
2714,9.260984,9.665545
2715,2.173,4.1602416
2716,4.821342,4.3796618
2717,5.545183,5.2443064
2718,0.364811,7.7636444
2719,511.17258,468.771603
2720,8.836817,4.7680614
2721,0.21922,0.2055218
2722,21.1205,16.2067128
2723,19.063026,27.8320117
2724,674.27875,1057.272335
2725,29.441786,31.2518535
2726,3.034676,3.0666196
2727,12.867865,14.7512963
2728,16.31715,20.6744067
2729,69.717,42.2489019
2730,2.021594,2.0004847
2731,184.02791,242.559608
2732,672.5388,638.97581
2733,344.26105,389.015068
2734,16.564453,10.9804821
2735,4.801673,3.7163381
2736,11.295416,10.406192
2737,1.400041,1.2323236
2738,4.547,1.6331298
2739,583.6342,575.351698
2740,17.82257,20.9278549
2741,22.033,25.7943988
2742,1.668366,1.735884
2743,4.312775,5.2461882
2744,8.86,7.3695549
2745,519.9974,502.778158
2746,3.516673,1.7956514
2747,76.366,77.1640228
2748,6.537976,5.0675741
2749,0.174491,0.12047125
2750,3.821452,5.6523586
2751,0.354,0.5323105
2752,647.4495,617.101382
2753,7.738036,6.1223129
2754,2.251922,2.4599071
2755,6.8805,6.9018773
2756,257.60275,242.078212
2757,1.071839,1.1737877
2758,0.677173,0.6751429
2759,8.039,9.5776846
2760,1.374643,1.3187192
2761,27.585,56.8952783
2762,1.709,1.8695959
2763,4.594881,4.3911429
2764,36.95,24.052213
2765,450.09244,530.584395
2766,-2.186928,2.2725894
2767,3.95598,2.3665654
2768,0.491554,1.1197836
2769,16.145428,24.3909786
2770,2.563527,3.6009057
2771,69.30659,43.8628733
2772,0.304707,0.2438537
2773,0.171856,0.0924514
2774,30.735514,26.8174642
2775,-0.10317,0.7395789
2776,3491.847,3573.75113
2777,13.80589,15.0466173
2778,20.22973,20.6096784
2779,9.697594,10.8470479
2780,430.82404,407.253202
2781,3.215704,2.481546
2782,16.097445,12.1877377
2783,31.39716,39.7133686
2784,13.698637,9.4599184
2785,536.013,495.220451
2786,14.95981,24.0638817
2787,2.080358,1.5262717
2788,39.193928,36.7245901
2789,5.000631,11.081786
2790,920.884,1049.47131
2791,881.4202,953.256797
2792,8.322012,8.5659952
2793,108.86318,78.6817787
2794,0.029806,0.1421958
2795,15.607283,16.6251728
2796,1.64,4.1023502
2797,7.353085,10.2795258
2798,1.506616,1.76830616
2799,3.273716,2.6259026
2800,1.073516,1.0520547
2801,17.825277,20.6901812
2802,3.114567,2.2741838
2803,67.45,89.5516236
2804,9.436582,8.6697863
2805,89.989624,98.257773
2806,621.04114,866.06571
2807,0.57898,0.4977619
2808,1098.4954,1049.497806
2809,0.031588,0.03301055
2810,1.139513,1.0191179
2811,1.7519,2.5545294
2812,0.763056,0.8766672
2813,7.608938,6.852155
2814,29.410364,36.3629021
2815,1.309086,0.6391895
2816,27.38434,32.3006946
2817,7.567265,7.0281162
2818,3.231,1.915857
2819,87.199554,82.0276895
2820,0.677029,0.4658566
2821,0.492232,2.3070591
2822,3.005614,2.9305068
2823,0.426809,0.657884
2824,0.194,0.1858019
2825,5.303065,7.2689015
2826,3.798397,2.4251684
2827,36.283295,48.5382355
2828,8.415651,10.3002225
2829,1.735,2.5996696
2830,0.382161,7.2747283
2831,21.401274,22.7184371
2832,3.916055,4.6548691
2833,17.406652,24.2915865
2834,0.625334,5.2587955
2835,26.03,33.4248386
2836,108.70976,114.3695502
2837,0.346433,0.6596068
2838,8.461344,9.1383883
2839,7.165742,3.738496
2840,44.77415,47.492577
2841,12.421479,16.1895267
2842,127.70924,126.289402
2843,0.454,43.5224127
2844,1.402065,1.52512256
2845,55.368,55.8931882
2846,2.977344,4.628695
2847,3.667,7.4900648
2848,7.448382,8.3461312
2849,5.089671,7.3911961
2850,489.70673,559.710114
2851,2.513545,1.267098
2852,2.8295,2.3151249
2853,7.225466,6.7173112
2854,1.917319,2.5061134
2855,23.31052,24.7038192
2856,63.82543,63.7364793
2857,4.568804,4.7507208
2858,0.578623,0.7434461
2859,25.846,23.1518138
2860,33.344833,29.4894597
2861,616.13605,695.393202
2862,0.768271,36.3668981
2863,-0.73343,0.6456539
2864,16.018747,13.1472547
2865,14.256,24.6674716
2866,1.786269,3.2207494
2867,1.852,1.6557722
2868,1.663015,2.321424
2869,2.218343,1.5955631
2870,1.589015,1.6628009
2871,7.917658,8.2754686
2872,37.835857,43.2114083
2873,2.396,4.5632355
2874,15.438932,14.4935929
2875,10.936764,14.0725923
2876,6.4625,5.6794574
2877,0.237033,0.2952121
2878,0.5625,0.8056807
2879,9.685974,9.9234254
2880,8.32136,0.2390976
2881,0.877106,2.2959281
2882,28.206223,29.2138686
2883,18.37557,12.6820482
2884,19.42402,18.6857711
2885,8.29,8.981482
2886,5.609211,5.2395066
2887,92.214676,93.248389
2888,1.829,0.6378137
2889,0.22206,0.4494488
2890,45.63146,48.5085744
2891,8.912144,8.6895131
2892,4.857928,4.410342
2893,18.456127,20.6404332
2894,15.955843,19.2564611
2895,24.634375,27.4115315
2896,17.28,18.2467268
2897,14.708601,21.2274494
2898,16.32885,15.1022685
2899,9.257429,10.1211516
2900,0.080066,0.1417733
2901,0.028038,0.03765225
2902,49.168,49.2381644
2903,5.172106,5.2696097
2904,14.283962,17.2508361
2905,259.08322,320.626258
2906,1.487,3.0590627
2907,3.444015,5.275575
2908,4.849657,6.9651262
2909,1.676292,1.1464828
2910,938.895,930.246529
2911,70.16404,60.0740847
2912,2.890364,3.3717539
2913,82.56163,87.8221787
2914,0.920685,2.6338795
2915,8.383,8.9874975
2916,4.106574,2.6653282
2917,369.56393,322.110302
2918,3.161975,4.7129542
2919,350.42004,301.49673
2920,4.34993,5.1646543
2921,19.229996,25.1494125
2922,78.716125,81.4882457
2923,11.440993,15.0552319
2924,116.23096,133.508862
2925,2322.442,2276.59771
2926,0.953738,6.5883043
2927,5.981149,5.5325414
2928,9.663604,13.1029361
2929,7.600322,5.7476046
2930,1.248193,6.9996702
2931,71.34134,77.4870442
2932,58.775,67.7498325
2933,0.855965,0.7437035
2934,37.008686,21.0775339
2935,58.630993,53.4005455
2936,0.125218,0.4400243
2937,0.38539,0.141338366666667
2938,0.494,0.7092318
2939,1.482051,2.0091295
2940,18.249975,31.6032549
2941,2.27842,6.0970346
2942,0.334,0.3339822
2943,36.241634,33.5913371
2944,283.3473,208.866128
2945,3.455913,2.5688942
2946,1.91623,2.4269187
2947,0.731501,0.9309548
2948,12.857352,14.9434221
2949,17.412281,12.0632095
2950,35.775486,35.4603739
2951,8.362426,9.5326186
2952,0.987725,2.2406319
2953,1.347568,1.0651555
2954,10.000873,10.5222904
2955,91.28615,81.000593
2956,3.523621,4.04621
2957,13.93939,15.9486153
2958,46.576225,54.0961735
2959,10.019,20.9687771
2960,18.2065,19.5076874
2961,1.610723,2.4940957
2962,2.523404,3.3067955
2963,22.978634,14.8158313
2964,92.16246,106.8740796
2965,246.53638,263.479392
2966,1.627718,1.8424062
2967,3.378997,3.8968585
2968,3.173648,2.7438687
2969,528.70966,545.352409
2970,1.174931,2.3707218
2971,4.848197,4.8323009
2972,1.190677,1.8159085
2973,10.360637,12.6860506
2974,19.374353,19.6773229
2975,8.965488,9.9423189
2976,11.308031,12.2554498
2977,379.79492,365.787974
2978,7.684956,9.1524409
2979,30.88751,31.5579233
2980,6.142,5.7537152
2981,0.6945,0.8364776
2982,6.236891,10.8258125
2983,5.078942,5.51172
2984,38.516,37.2040922
2985,0.092886,0.12922705
2986,226.90514,225.713154
2987,25.308414,21.2825238
2988,29.593,24.7687435
2989,23.314,22.5924454
2990,12.871,13.4848136
2991,9.375,10.8640923
2992,1.244777,1.3469438
2993,1.138469,1.1107166
2994,0.869107,0.9896004
2995,0.361551,0.4144589
2996,8.801893,4.780996
2997,2773.9934,3077.6394
2998,1.452493,2.145756
2999,0.144145,0.1818568
3000,11.486729,12.0964976
3001,55.378,55.2104543
3002,4711.1245,5729.57833
3003,2.940095,3.6246992
3004,5.299478,5.6769068
3005,2.796437,2.7612362
3006,9.000496,9.3267225
3007,286.15277,332.829339
3008,0.297828,1.2138592
3009,17.559,19.4305041
3010,2.798129,2.548839
3011,42.323658,47.2139344
3012,47.011993,52.3918767
3013,11.078,10.6692545
3014,4.282047,6.2398763
3015,1.106861,0.9492584
3016,2.044815,2.3419917
3017,4638.92,5333.87949
3018,37.351494,52.2469351
3019,12.221329,12.9010083
3020,1.165463,1.57762466
3021,1.04117,2.5940068
3022,0.743666,2.1565017
3023,4.066,5.7580351
3024,1.091441,6.1511684
3025,61.7349,70.1664131
3026,8.220473,8.4323279
3027,1.609422,5.6824424
3028,10.177521,10.4725587
3029,13.531251,18.6235503
3030,0.701261,0.7617289
3031,4.3275,4.9308993
3032,2.663278,4.4664386
3033,0.916865,3.1768642
3034,3.656776,6.1283083
3035,3.985784,6.6392821
3036,2.384,2.4831072
3037,16.0535,14.0884291
3038,15.899,12.3025475
3039,1.671333,5.9101109
3040,10.654727,13.5260356
3041,5.774668,6.0851238
3042,44.621174,52.9307491
3043,4.72851,6.4316487
3044,6.30014,5.741164
3045,2.5545,2.7071174
3046,7.332437,7.5228286
3047,18.533562,13.1261981
3048,2.802771,4.9293823
3049,8.422519,6.7495377
3050,24.933325,24.7450194
3051,1.324838,1.2496863
3052,2.5565,3.9069129
3053,1.493041,1.6196824
3054,17.069681,18.1854348
3055,3.09586,2.2945912
3056,6.960897,18.8013687
3057,2.101235,2.438348
3058,181.74475,192.443274
3059,20.05038,17.6516632
3060,22.672089,24.1603226
3061,610.15674,453.607525
3062,1.728406,3.1900427
3063,39.403587,40.1427283
3064,1.361162,1.3641655
3065,4.686986,3.0250005
3066,3.81183,4.0572271
3067,0.372,0.3490489
3068,0.8585,1.2018861
3069,5.996252,5.9091168
3070,31.241163,37.5024549
3071,16.785,19.1355034
3072,7.710897,7.0091859
3073,34.394154,29.1219847
3074,2.1625,2.2993667
3075,40.98018,48.2042216
3076,2.371374,1.7451605
3077,0.025204,0.28905025
3078,8.663033,5.7696056
3079,43.274353,47.9163577
3080,7.823886,70.9197939
3081,12.047494,13.211461
3082,2.532,1.4351104
3083,15.820996,14.3081065
3084,5.693,0.7319398
3085,23.247335,24.0432511
3086,379.00958,397.962254
3087,34.02001,3.9771423
3088,10.171,12.4089552
3089,1.454941,1.6653511
3090,0.3725,3.678983
3091,9.249023,13.432109
3092,2.616626,4.6024413
3093,10.560818,9.7171102
3094,3.210617,2.3152968
3095,16.1575,14.9793375
3096,6.066727,6.5634918
3097,5.124725,7.2933839
3098,0.470103,0.379928
3099,6.779742,6.6193725
3100,0.676166,0.6914487
3101,8.4585,7.2350672
3102,0.954764,1.1490023
3103,1.145977,1.0157655
3104,7.95144,7.4104699
3105,6.620213,6.987987
3106,3.117413,2.5389792
3107,1.108612,0.9633875
3108,3.230552,3.512049
3109,523.7581,473.394521
3110,99.751976,110.4804401
3111,1.606359,1.4189746
3112,1.297047,1.5964614
3113,5.95,8.1236586
3114,109.953674,89.9952609
3115,0.488289,0.5027459
3116,15.21458,15.2214463
3117,27.25,20.0968538
3118,2.066106,2.499092
3119,59.732956,53.8945714
3120,5.348986,4.4866184
3121,2.967,3.6640529
3122,388.2374,444.707295
